<?xml version="1.0"?>
<!--<!DOCTYPE metadata SYSTEM "http://www.esri.com/metadata/esriprof80.dtd">-->
<metadata xml:lang="en"><Esri><MetaID>{AFA69D07-C2CA-4BDE-9E5F-692437985E80}</MetaID><CreaDate>20100416</CreaDate><CreaTime>10064700</CreaTime><SyncOnce>FALSE</SyncOnce><SyncDate>20100416</SyncDate><SyncTime>10064700</SyncTime><ModDate>20100416</ModDate><ModTime>10064700</ModTime><DataProperties><lineage><Process ToolSource="C:\Program Files (x86)\ArcGIS\ArcToolbox\Toolboxes\Data Management Tools.tbx\Merge" Date="20100416" Time="100649">Merge Barnes_and_Noble_Bookstores;Books-A-Million_Bookstores;Borders_Bookstores;Small_Independent_Bookstores;Regional_Bookstores "C:\Store Locations\All General Bookstores.shp" "Store_Numb 'Store_Numb' true true false 16 Double 6 15 ,First,#,Barnes_and_Noble_Bookstores,Store_Numb,-1,-1,Books-A-Million_Bookstores,Store_Numb,-1,-1,Borders_Bookstores,Store_Numb,-1,-1;Store_Name 'Store_Name' true true false 254 Text 0 0 ,First,#,Barnes_and_Noble_Bookstores,Store_Name,-1,-1,Books-A-Million_Bookstores,Store_Name,-1,-1,Borders_Bookstores,Store_Name,-1,-1,Small_Independent_Bookstores,Store_Name,-1,-1,Regional_Bookstores,Store_Name,-1,-1;Address 'Address' true true false 254 Text 0 0 ,First,#,Barnes_and_Noble_Bookstores,Address,-1,-1,Books-A-Million_Bookstores,Address,-1,-1,Borders_Bookstores,Address,-1,-1,Small_Independent_Bookstores,Address,-1,-1,Regional_Bookstores,Address,-1,-1;City 'City' true true false 254 Text 0 0 ,First,#,Barnes_and_Noble_Bookstores,City,-1,-1,Books-A-Million_Bookstores,City,-1,-1,Borders_Bookstores,City,-1,-1,Small_Independent_Bookstores,City,-1,-1,Regional_Bookstores,City,-1,-1;State 'State' true true false 254 Text 0 0 ,First,#,Barnes_and_Noble_Bookstores,State,-1,-1,Books-A-Million_Bookstores,State,-1,-1,Borders_Bookstores,State,-1,-1,Small_Independent_Bookstores,State,-1,-1,Regional_Bookstores,State,-1,-1;Zip_Code 'Zip_Code' true true false 16 Double 6 15 ,First,#,Barnes_and_Noble_Bookstores,Zip_Code,-1,-1,Borders_Bookstores,Zip_Code,-1,-1,Small_Independent_Bookstores,Zip_Code,-1,-1,Regional_Bookstores,Zip_Code,-1,-1;Phone_Numb 'Phone_Numb' true true false 254 Text 0 0 ,First,#,Barnes_and_Noble_Bookstores,Phone_Numb,-1,-1,Borders_Bookstores,Phone_Numb,-1,-1,Small_Independent_Bookstores,Phone_Numb,-1,-1,Regional_Bookstores,Phone_Numb,-1,-1;Store_Hour 'Store_Hour' true true false 254 Text 0 0 ,First,#,Barnes_and_Noble_Bookstores,Store_Hour,-1,-1,Borders_Bookstores,Store_Hour,-1,-1,Regional_Bookstores,Store_Hour,-1,-1;Latitude 'Latitude' true true false 16 Double 6 15 ,First,#,Barnes_and_Noble_Bookstores,Latitude,-1,-1,Books-A-Million_Bookstores,Latitude,-1,-1,Borders_Bookstores,Latitude,-1,-1,Small_Independent_Bookstores,Latitude,-1,-1,Regional_Bookstores,Latitude,-1,-1;Longitude 'Longitude' true true false 16 Double 6 15 ,First,#,Barnes_and_Noble_Bookstores,Longitude,-1,-1,Books-A-Million_Bookstores,Longitude,-1,-1,Borders_Bookstores,Longitude,-1,-1,Small_Independent_Bookstores,Longitude,-1,-1,Regional_Bookstores,Longitude,-1,-1;Zip 'Zip' true true false 16 Double 6 15 ,First,#,Books-A-Million_Bookstores,Zip,-1,-1;Phone 'Phone' true true false 254 Text 0 0 ,First,#,Books-A-Million_Bookstores,Phone,-1,-1;Extra_Info 'Extra_Info' true true false 254 Text 0 0 ,First,#,Small_Independent_Bookstores,Extra_Info,-1,-1"</Process></lineage></DataProperties></Esri><idinfo><native Sync="TRUE">Microsoft Windows Vista Version 6.1 (Build 7600) ; ESRI ArcCatalog 9.3.0.1770</native><descript><langdata Sync="TRUE">en</langdata><abstract>REQUIRED: A brief narrative summary of the data set.</abstract><purpose>REQUIRED: A summary of the intentions with which the data set was developed.</purpose></descript><citation><citeinfo><origin>REQUIRED: The name of an organization or individual that developed the data set.</origin><pubdate>REQUIRED: The date when the data set is published or otherwise made available for release.</pubdate><title Sync="TRUE">All General Bookstores</title><ftname Sync="TRUE">All General Bookstores</ftname><geoform Sync="TRUE">vector digital data</geoform><onlink Sync="TRUE">\\JAMESGIMPEL-PC\C$\Store Locations\All General Bookstores.shp</onlink></citeinfo></citation><timeperd><current>REQUIRED: The basis on which the time period of content information is determined.</current><timeinfo><sngdate><caldate>REQUIRED: The year (and optionally month, or month and day) for which the data set corresponds to the ground.</caldate></sngdate></timeinfo></timeperd><status><progress>REQUIRED: The state of the data set.</progress><update>REQUIRED: The frequency with which changes and additions are made to the data set after the initial data set is completed.</update></status><spdom><bounding><westbc Sync="TRUE">REQUIRED: Western-most coordinate of the limit of coverage expressed in longitude.</westbc><eastbc Sync="TRUE">REQUIRED: Eastern-most coordinate of the limit of coverage expressed in longitude.</eastbc><northbc Sync="TRUE">REQUIRED: Northern-most coordinate of the limit of coverage expressed in latitude.</northbc><southbc Sync="TRUE">REQUIRED: Southern-most coordinate of the limit of coverage expressed in latitude.</southbc></bounding></spdom><keywords><theme><themekt>REQUIRED: Reference to a formally registered thesaurus or a similar authoritative source of theme keywords.</themekt><themekey>REQUIRED: Common-use word or phrase used to describe the subject of the data set.</themekey></theme></keywords><accconst>REQUIRED: Restrictions and legal prerequisites for accessing the data set.</accconst><useconst>REQUIRED: Restrictions and legal prerequisites for using the data set after access is granted.</useconst><natvform Sync="TRUE">Shapefile</natvform></idinfo><dataIdInfo><envirDesc Sync="TRUE">Microsoft Windows Vista Version 6.1 (Build 7600) ; ESRI ArcCatalog 9.3.0.1770</envirDesc><dataLang><languageCode Sync="TRUE" value="en"></languageCode></dataLang><idCitation><resTitle Sync="TRUE">All General Bookstores</resTitle><presForm><PresFormCd Sync="TRUE" value="005"></PresFormCd></presForm></idCitation><spatRpType><SpatRepTypCd Sync="TRUE" value="001"></SpatRepTypCd></spatRpType></dataIdInfo><metainfo><langmeta Sync="TRUE">en</langmeta><metstdn Sync="TRUE">FGDC Content Standards for Digital Geospatial Metadata</metstdn><metstdv Sync="TRUE">FGDC-STD-001-1998</metstdv><mettc Sync="TRUE">local time</mettc><metextns><onlink Sync="TRUE">http://www.esri.com/metadata/esriprof80.html</onlink><metprof Sync="TRUE">ESRI Metadata Profile</metprof></metextns><metc><cntinfo><cntorgp><cntper>REQUIRED: The person responsible for the metadata information.</cntper><cntorg>REQUIRED: The organization responsible for the metadata information.</cntorg></cntorgp><cntaddr><addrtype>REQUIRED: The mailing and/or physical address for the organization or individual.</addrtype><city>REQUIRED: The city of the address.</city><state>REQUIRED: The state or province of the address.</state><postal>REQUIRED: The ZIP or other postal code of the address.</postal></cntaddr><cntvoice>REQUIRED: The telephone number by which individuals can speak to the organization or individual.</cntvoice></cntinfo></metc><metd Sync="TRUE">20100416</metd></metainfo><mdLang><languageCode Sync="TRUE" value="en"></languageCode></mdLang><mdStanName Sync="TRUE">ISO 19115 Geographic Information - Metadata</mdStanName><mdStanVer Sync="TRUE">DIS_ESRI1.0</mdStanVer><mdChar><CharSetCd Sync="TRUE" value="004"></CharSetCd></mdChar><mdHrLv><ScopeCd Sync="TRUE" value="005"></ScopeCd></mdHrLv><mdHrLvName Sync="TRUE">dataset</mdHrLvName><distinfo><resdesc Sync="TRUE">Downloadable Data</resdesc><stdorder><digform><digtinfo><transize Sync="TRUE">0.000</transize><dssize Sync="TRUE">0.000</dssize></digtinfo></digform></stdorder></distinfo><distInfo><distributor><distorTran><onLineSrc><orDesc Sync="TRUE">002</orDesc><linkage Sync="TRUE">file://\\JAMESGIMPEL-PC\C$\Store Locations\All General Bookstores.shp</linkage><protocol Sync="TRUE">Local Area Network</protocol></onLineSrc><transSize Sync="TRUE">0.000</transSize></distorTran><distorFormat><formatName Sync="TRUE">Shapefile</formatName></distorFormat></distributor></distInfo><spdoinfo><direct Sync="TRUE">Vector</direct><ptvctinf><esriterm Name="All General Bookstores"><efeatyp Sync="TRUE">Simple</efeatyp><efeageom Sync="TRUE">Point</efeageom><esritopo Sync="TRUE">FALSE</esritopo><efeacnt Sync="TRUE">0</efeacnt><spindex Sync="TRUE">FALSE</spindex><linrefer Sync="TRUE">FALSE</linrefer></esriterm><sdtsterm Name="All General Bookstores"><sdtstype Sync="TRUE">Entity point</sdtstype><ptvctcnt Sync="TRUE">0</ptvctcnt></sdtsterm></ptvctinf></spdoinfo><spref><horizsys><cordsysn><geogcsn Sync="TRUE">GCS_North_American_1983</geogcsn></cordsysn><geograph><geogunit Sync="TRUE">Decimal degrees</geogunit><latres Sync="TRUE">0.000000</latres><longres Sync="TRUE">0.000000</longres></geograph><geodetic><horizdn Sync="TRUE">North American Datum of 1983</horizdn><ellips Sync="TRUE">Geodetic Reference System 80</ellips><semiaxis Sync="TRUE">6378137.000000</semiaxis><denflat Sync="TRUE">298.257222</denflat></geodetic></horizsys></spref><refSysInfo><RefSystem><refSysID><identCode Sync="TRUE">GCS_North_American_1983</identCode></refSysID></RefSystem></refSysInfo><spatRepInfo><VectSpatRep><topLvl><TopoLevCd Sync="TRUE" value="001"></TopoLevCd></topLvl><geometObjs Name="All General Bookstores"><geoObjTyp><GeoObjTypCd Sync="TRUE" value="004"></GeoObjTypCd></geoObjTyp><geoObjCnt Sync="TRUE">0</geoObjCnt></geometObjs></VectSpatRep></spatRepInfo><eainfo><detailed Name="All General Bookstores"><enttyp><enttypl Sync="TRUE">All General Bookstores</enttypl><enttypt Sync="TRUE">Feature Class</enttypt><enttypc Sync="TRUE">0</enttypc></enttyp><attr><attrlabl Sync="TRUE">FID</attrlabl><attalias Sync="TRUE">FID</attalias><attrtype Sync="TRUE">OID</attrtype><attwidth Sync="TRUE">4</attwidth><atprecis Sync="TRUE">0</atprecis><attscale Sync="TRUE">0</attscale><attrdef Sync="TRUE">Internal feature number.</attrdef><attrdefs Sync="TRUE">ESRI</attrdefs><attrdomv><udom Sync="TRUE">Sequential unique whole numbers that are automatically generated.</udom></attrdomv></attr><attr><attrlabl Sync="TRUE">Shape</attrlabl><attalias Sync="TRUE">Shape</attalias><attrtype Sync="TRUE">Geometry</attrtype><attwidth Sync="TRUE">0</attwidth><atprecis Sync="TRUE">0</atprecis><attscale Sync="TRUE">0</attscale><attrdef Sync="TRUE">Feature geometry.</attrdef><attrdefs Sync="TRUE">ESRI</attrdefs><attrdomv><udom Sync="TRUE">Coordinates defining the features.</udom></attrdomv></attr><attr><attrlabl Sync="TRUE">Store_Numb</attrlabl><attalias Sync="TRUE">Store_Numb</attalias><attrtype Sync="TRUE">Number</attrtype><attwidth Sync="TRUE">16</attwidth><atnumdec Sync="TRUE">6</atnumdec></attr><attr><attrlabl Sync="TRUE">Store_Name</attrlabl><attalias Sync="TRUE">Store_Name</attalias><attrtype Sync="TRUE">String</attrtype><attwidth Sync="TRUE">254</attwidth></attr><attr><attrlabl Sync="TRUE">Address</attrlabl><attalias Sync="TRUE">Address</attalias><attrtype Sync="TRUE">String</attrtype><attwidth Sync="TRUE">254</attwidth></attr><attr><attrlabl Sync="TRUE">City</attrlabl><attalias Sync="TRUE">City</attalias><attrtype Sync="TRUE">String</attrtype><attwidth Sync="TRUE">254</attwidth></attr><attr><attrlabl Sync="TRUE">State</attrlabl><attalias Sync="TRUE">State</attalias><attrtype Sync="TRUE">String</attrtype><attwidth Sync="TRUE">254</attwidth></attr><attr><attrlabl Sync="TRUE">Zip_Code</attrlabl><attalias Sync="TRUE">Zip_Code</attalias><attrtype Sync="TRUE">Number</attrtype><attwidth Sync="TRUE">16</attwidth><atnumdec Sync="TRUE">6</atnumdec></attr><attr><attrlabl Sync="TRUE">Phone_Numb</attrlabl><attalias Sync="TRUE">Phone_Numb</attalias><attrtype Sync="TRUE">String</attrtype><attwidth Sync="TRUE">254</attwidth></attr><attr><attrlabl Sync="TRUE">Store_Hour</attrlabl><attalias Sync="TRUE">Store_Hour</attalias><attrtype Sync="TRUE">String</attrtype><attwidth Sync="TRUE">254</attwidth></attr><attr><attrlabl Sync="TRUE">Latitude</attrlabl><attalias Sync="TRUE">Latitude</attalias><attrtype Sync="TRUE">Number</attrtype><attwidth Sync="TRUE">16</attwidth><atnumdec Sync="TRUE">6</atnumdec></attr><attr><attrlabl Sync="TRUE">Longitude</attrlabl><attalias Sync="TRUE">Longitude</attalias><attrtype Sync="TRUE">Number</attrtype><attwidth Sync="TRUE">16</attwidth><atnumdec Sync="TRUE">6</atnumdec></attr><attr><attrlabl Sync="TRUE">Zip</attrlabl><attalias Sync="TRUE">Zip</attalias><attrtype Sync="TRUE">Number</attrtype><attwidth Sync="TRUE">16</attwidth><atnumdec Sync="TRUE">6</atnumdec></attr><attr><attrlabl Sync="TRUE">Phone</attrlabl><attalias Sync="TRUE">Phone</attalias><attrtype Sync="TRUE">String</attrtype><attwidth Sync="TRUE">254</attwidth></attr><attr><attrlabl Sync="TRUE">Extra_Info</attrlabl><attalias Sync="TRUE">Extra_Info</attalias><attrtype Sync="TRUE">String</attrtype><attwidth Sync="TRUE">254</attwidth></attr></detailed></eainfo><mdDateSt Sync="TRUE">20100416</mdDateSt></metadata>
